"cluster_id","cluster_size","composite_score","flag_category","audit_group","human_verdict","notes","shap_top_reasons","shap_agrees_with_human"
806,4,100.0,"high_priority","top_flagged","plausible","Shadow Nidhi network; identical naming across talukas","topology_score (2.42); capital_similarity_score (0.59); address_signal_score (0.55)","Yes"
1585,3,100.0,"high_priority","top_flagged","plausible","Rapid SPV creation; 4-day window via C/O addresses","topology_score (1.82); timing_signal_score (1.37); address_signal_score (0.67)","Yes"
1714,3,98.97,"high_priority","top_flagged","not plausible","Government scheme artifact; Farmer Producer Companies wave","topology_score (1.62); timing_signal_score (1.12); address_signal_score (0.63)","No"
739,4,98.04,"high_priority","top_flagged","not plausible","Government scheme artifact; Farmer Producer Companies wave","topology_score (2.49); capital_similarity_score (0.53); address_signal_score (0.38)","No"
629,4,97.7,"high_priority","top_flagged","plausible","Address co-location & operational churn; 2 Strike Off and 2 Active","topology_score (1.88); name_signal_score (1.23); category_homogeneity_score (0.46)","Yes"
6141,2,95.18,"high_priority","top_flagged","plausible","Identical registration date and adjacent plots in MIDC Shiroli","timing_signal_score (1.40); name_signal_score (1.28); capital_similarity_score (0.56)","Yes"
1700,3,95.04,"high_priority","top_flagged","plausible","Single group with identical registration dates across agri equipment entities","topology_score (1.37); timing_signal_score (1.12); capital_similarity_score (0.50)","Yes"
655,4,94.8,"high_priority","top_flagged","plausible","Active real estate group with shared branding and address clusters","topology_score (2.45); capital_similarity_score (0.64); category_homogeneity_score (0.43)","Yes"
6285,2,94.52,"high_priority","top_flagged","plausible","Hospital co-location with consecutive registration dates","name_signal_score (1.45); timing_signal_score (1.18); address_signal_score (0.78)","Yes"
1500,3,94.45,"high_priority","top_flagged","plausible","Microfinance and producer entities co-located at same residency","topology_score (1.76); name_signal_score (0.55); capital_similarity_score (0.50)","Yes"
416,5,92.91,"high_priority","top_flagged","plausible","Multi-floor clustering at Manas Lake building complex","topology_score (2.19); name_signal_score (0.53); timing_signal_score (0.36)","Yes"
1554,3,92.46,"high_priority","top_flagged","plausible","Rapid succession registrations at identical street address","timing_signal_score (1.20); name_signal_score (1.08); address_signal_score (0.94)","Yes"
1726,3,92.24,"high_priority","top_flagged","plausible","Nidhi network across Shrigonda villages registered in short timeframe","topology_score (1.68); timing_signal_score (0.84); capital_similarity_score (0.54)","Yes"
1511,3,91.83,"high_priority","top_flagged","plausible","Identical address and tight registration window for Indo Russ entities","topology_score (1.87); timing_signal_score (0.90); category_homogeneity_score (0.57)","Yes"
1736,3,91.83,"high_priority","top_flagged","plausible","Corporate division split across Automotive and IT arms","topology_score (2.19); capital_similarity_score (0.76); address_signal_score (0.67)","Yes"
1202,3,91.48,"high_priority","top_flagged","plausible","Builders group sharing address and setup period","topology_score (2.16); timing_signal_score (0.96); address_signal_score (0.80)","Yes"
6069,2,91.22,"high_priority","top_flagged","plausible","Identical address and registration date across pharma and hospitality","timing_signal_score (1.34); name_signal_score (0.84); address_signal_score (0.72)","Yes"
1341,3,90.95,"high_priority","top_flagged","plausible","Co-located tech entities in Chikhli Pradhikaran","topology_score (2.23); capital_similarity_score (0.76); address_signal_score (0.69)","Yes"
1512,3,90.51,"high_priority","top_flagged","plausible","Legacy consulting group at Raj Chambers; all defunct","topology_score (2.03); address_signal_score (0.65); capital_similarity_score (0.57)","Yes"
1241,3,90.17,"high_priority","top_flagged","plausible","Real estate land developers group with LLP conversion restructure","topology_score (2.27); capital_similarity_score (0.74); address_signal_score (0.56)","Yes"
4064,2,26.86,"baseline","baseline_sample","appropriately boring","Legacy sugar/agro companies sharing milk supplier address; struck off","name_signal_score (-0.37); timing_signal_score (0.28); capital_similarity_score (0.25)",""
5917,2,36.17,"baseline","baseline_sample","appropriately boring","Legitimate dual-entity legal and research setup","timing_signal_score (1.15); capital_similarity_score (-0.43); bridge_flag (0.39)",""
5317,2,44.02,"baseline","baseline_sample","appropriately boring","Major industrial manufacturing cluster with high capital","capital_similarity_score (1.07); name_signal_score (0.32); timing_signal_score (-0.30)",""
5503,2,51.35,"baseline","baseline_sample","appropriately boring","Standard small enterprise webworks and foundation pair","name_signal_score (0.81); timing_signal_score (0.45); address_signal_score (0.22)",""
2167,2,42.62,"baseline","baseline_sample","appropriately boring","Standard hotel/development group under restructuring","timing_signal_score (1.18); name_signal_score (-0.25); category_homogeneity_score (0.23)",""
1382,3,41.92,"baseline","baseline_sample","appropriately boring","Ecological and foundation entities co-located in Shirur","category_homogeneity_score (0.56); capital_similarity_score (0.51); timing_signal_score (-0.46)",""
443,5,44.16,"baseline","baseline_sample","suspicious baseline","Potential false negative; 5 cross-industry entities sharing rural village post address","topology_score (0.95); name_signal_score (0.50); timing_signal_score (-0.47)",""
7030,2,23.83,"baseline","baseline_sample","appropriately boring","Name collision / corporate re-registration across different pincodes","address_signal_score (0.97); capital_similarity_score (-0.62); timing_signal_score (-0.54)",""
3769,2,10.86,"baseline","baseline_sample","appropriately boring","Standard co-located construction and property management pair","timing_signal_score (-0.56); capital_similarity_score (-0.55); address_signal_score (-0.33)",""
1225,3,44.28,"baseline","baseline_sample","appropriately boring","Standard real estate and exim entities co-located at Nigdi","address_signal_score (0.87); timing_signal_score (0.44); capital_similarity_score (-0.37)",""
2303,2,34.55,"baseline","baseline_sample","appropriately boring","Legacy family-owned group registered on same day in 1992","timing_signal_score (0.84); address_signal_score (-0.41); name_signal_score (-0.29)",""
3210,2,47.32,"baseline","baseline_sample","appropriately boring","Standard Nidhi and facilities setup at commercial plaza","timing_signal_score (0.90); capital_similarity_score (0.73); name_signal_score (-0.31)",""
3096,2,35.54,"baseline","baseline_sample","appropriately boring","Inactive agro processing group; both entities struck off","timing_signal_score (0.96); name_signal_score (-0.45); address_signal_score (-0.44)",""
4261,2,56.38,"baseline","baseline_sample","appropriately boring","Co-located polymer and real estate entities in Nigdi","address_signal_score (0.95); capital_similarity_score (0.59); timing_signal_score (0.29)",""
2340,2,7.39,"baseline","baseline_sample","appropriately boring","Corporate restructuring into LLP; old entity struck off","capital_similarity_score (-0.61); timing_signal_score (-0.59); address_signal_score (-0.34)",""
3732,2,16.25,"baseline","baseline_sample","appropriately boring","Standard conversion from private company to LLP","capital_similarity_score (-0.56); timing_signal_score (-0.55); address_signal_score (-0.30)",""
5264,2,21.76,"baseline","baseline_sample","appropriately boring","Legitimate hospital and attached medical store enterprise","timing_signal_score (-0.54); capital_similarity_score (-0.49); bridge_flag (0.38)",""
1592,3,24.48,"baseline","baseline_sample","appropriately boring","Co-located real estate developers; all struck off","name_signal_score (0.56); timing_signal_score (-0.54); capital_similarity_score (-0.50)",""
4651,2,8.57,"baseline","baseline_sample","appropriately boring","Standard commercial office co-location in Hinjewadi/Wakad","timing_signal_score (-0.57); capital_similarity_score (-0.55); address_signal_score (-0.40)",""
2029,2,6.66,"baseline","baseline_sample","appropriately boring","Standard real estate project SPVs at developer corporate office","capital_similarity_score (-0.55); timing_signal_score (-0.47); name_signal_score (-0.43)",""