cluster_id,cluster_size,composite_score,flag_category,audit_group,human_verdict,notes
806,4,100.0,high_priority,top_flagged,plausible,Shadow Nidhi network; identical naming across talukas
1585,3,100.0,high_priority,top_flagged,plausible,Rapid SPV creation; 4-day window via C/O addresses
1714,3,98.97,high_priority,top_flagged,not plausible,Government scheme artifact; Farmer Producer Companies wave
739,4,98.04,high_priority,top_flagged,not plausible,Government scheme artifact; Farmer Producer Companies wave
629,4,97.7,high_priority,top_flagged,plausible,Address co-location & operational churn; 2 Strike Off and 2 Active,,
6141,2,95.18,high_priority,top_flagged,,
1700,3,95.04,high_priority,top_flagged,,
655,4,94.8,high_priority,top_flagged,,
6285,2,94.52,high_priority,top_flagged,,
1500,3,94.45,high_priority,top_flagged,,
416,5,92.91,high_priority,top_flagged,,
1554,3,92.46,high_priority,top_flagged,,
1726,3,92.24,high_priority,top_flagged,,    
1511,3,91.83,high_priority,top_flagged,,
1736,3,91.83,high_priority,top_flagged,,
1202,3,91.48,high_priority,top_flagged,,
6069,2,91.22,high_priority,top_flagged,,
1341,3,90.95,high_priority,top_flagged,,
1512,3,90.51,high_priority,top_flagged,,
1241,3,90.17,high_priority,top_flagged,,
4064,2,26.86,baseline,baseline_sample,,
5917,2,36.17,baseline,baseline_sample,,
5317,2,44.02,baseline,baseline_sample,,
5503,2,51.35,baseline,baseline_sample,,
2167,2,42.62,baseline,baseline_sample,,
1382,3,41.92,baseline,baseline_sample,,
443,5,44.16,baseline,baseline_sample,,
7030,2,23.83,baseline,baseline_sample,,
3769,2,10.86,baseline,baseline_sample,,
1225,3,44.28,baseline,baseline_sample,,
2303,2,34.55,baseline,baseline_sample,,
3210,2,47.32,baseline,baseline_sample,,
3096,2,35.54,baseline,baseline_sample,,
4261,2,56.38,baseline,baseline_sample,,
2340,2,7.39,baseline,baseline_sample,,
3732,2,16.25,baseline,baseline_sample,,
5264,2,21.76,baseline,baseline_sample,,
1592,3,24.48,baseline,baseline_sample,,
4651,2,8.57,baseline,baseline_sample,,
2029,2,6.66,baseline,baseline_sample,,
